2e7ed2b6-2b11-427b-80dc-ffafd8c55657	5	11	s:234417
2e7ed2b6-2b11-427b-80dc-ffafd8c55657	12	19	s:325490
2e7ed2b6-2b11-427b-80dc-ffafd8c55657	27	29	s:405640
2e7ed2b6-2b11-427b-80dc-ffafd8c55657	30	32	s:105340
2e7ed2b6-2b11-427b-80dc-ffafd8c55657	33	40	s:97474
2e7ed2b6-2b11-427b-80dc-ffafd8c55657	41	51	s:445372
2e7ed2b6-2b11-427b-80dc-ffafd8c55657	53	55	s:425868
2e7ed2b6-2b11-427b-80dc-ffafd8c55657	56	60	s:216062
2e7ed2b6-2b11-427b-80dc-ffafd8c55657	61	72	s:474100
2e7ed2b6-2b11-427b-80dc-ffafd8c55657	73	80	s:350258
2e7ed2b6-2b11-427b-80dc-ffafd8c55657	81	89	s:421524
2e7ed2b6-2b11-427b-80dc-ffafd8c55657	90	95	s:312917
2e7ed2b6-2b11-427b-80dc-ffafd8c55657	96	102	s:366364
2e7ed2b6-2b11-427b-80dc-ffafd8c55657	103	109	s:112614
2e7ed2b6-2b11-427b-80dc-ffafd8c55657	110	113	s:105340
2e7ed2b6-2b11-427b-80dc-ffafd8c55657	114	122	s:296896
2e7ed2b6-2b11-427b-80dc-ffafd8c55657	123	129	s:467902
2e7ed2b6-2b11-427b-80dc-ffafd8c55657	130	137	s:259039
2e7ed2b6-2b11-427b-80dc-ffafd8c55657	139	141	s:25518
2e7ed2b6-2b11-427b-80dc-ffafd8c55657	142	144	s:474074
2e7ed2b6-2b11-427b-80dc-ffafd8c55657	145	155	s:293423
2e7ed2b6-2b11-427b-80dc-ffafd8c55657	157	162	s:230751
2e7ed2b6-2b11-427b-80dc-ffafd8c55657	163	173	s:215959
2e7ed2b6-2b11-427b-80dc-ffafd8c55657	174	180	s:247934
2e7ed2b6-2b11-427b-80dc-ffafd8c55657	181	189	s:174894
2e7ed2b6-2b11-427b-80dc-ffafd8c55657	190	194	s:62302
2e7ed2b6-2b11-427b-80dc-ffafd8c55657	195	202	s:485999
2e7ed2b6-2b11-427b-80dc-ffafd8c55657	204	206	s:425870
2e7ed2b6-2b11-427b-80dc-ffafd8c55657	208	210	s:405651
2e7ed2b6-2b11-427b-80dc-ffafd8c55657	211	213	s:166010
2e7ed2b6-2b11-427b-80dc-ffafd8c55657	214	217	s:105340
2e7ed2b6-2b11-427b-80dc-ffafd8c55657	218	224	s:62297
2e7ed2b6-2b11-427b-80dc-ffafd8c55657	225	230	s:216209
2e7ed2b6-2b11-427b-80dc-ffafd8c55657	231	233	s:253764
2e7ed2b6-2b11-427b-80dc-ffafd8c55657	234	242	s:235474
2e7ed2b6-2b11-427b-80dc-ffafd8c55657	244	246	s:253764
2e7ed2b6-2b11-427b-80dc-ffafd8c55657	247	256	s:294339
2e7ed2b6-2b11-427b-80dc-ffafd8c55657	258	264	s:264963
2e7ed2b6-2b11-427b-80dc-ffafd8c55657	265	272	s:235461
2e7ed2b6-2b11-427b-80dc-ffafd8c55657	273	283	s:445372
2e7ed2b6-2b11-427b-80dc-ffafd8c55657	284	289	s:439974
2e7ed2b6-2b11-427b-80dc-ffafd8c55657	290	299	s:356751
2e7ed2b6-2b11-427b-80dc-ffafd8c55657	300	308	s:206720
2e7ed2b6-2b11-427b-80dc-ffafd8c55657	310	313	s:105340
2e7ed2b6-2b11-427b-80dc-ffafd8c55657	314	317	s:408175
2e7ed2b6-2b11-427b-80dc-ffafd8c55657	318	326	s:272252
2e7ed2b6-2b11-427b-80dc-ffafd8c55657	327	333	s:97473
2e7ed2b6-2b11-427b-80dc-ffafd8c55657	334	337	s:433587
2e7ed2b6-2b11-427b-80dc-ffafd8c55657	338	342	s:244693
2e7ed2b6-2b11-427b-80dc-ffafd8c55657	344	351	s:95881
2e7ed2b6-2b11-427b-80dc-ffafd8c55657	352	357	s:424288
2e7ed2b6-2b11-427b-80dc-ffafd8c55657	358	361	s:105340
2e7ed2b6-2b11-427b-80dc-ffafd8c55657	362	369	s:309583
2e7ed2b6-2b11-427b-80dc-ffafd8c55657	370	375	s:489385
2e7ed2b6-2b11-427b-80dc-ffafd8c55657	376	383	s:29003
2e7ed2b6-2b11-427b-80dc-ffafd8c55657	384	390	s:84615
2e7ed2b6-2b11-427b-80dc-ffafd8c55657	393	400	s:312691
2e7ed2b6-2b11-427b-80dc-ffafd8c55657	401	407	s:434626
2e7ed2b6-2b11-427b-80dc-ffafd8c55657	408	414	s:140149
2e7ed2b6-2b11-427b-80dc-ffafd8c55657	415	417	s:427875
2e7ed2b6-2b11-427b-80dc-ffafd8c55657	418	425	s:378464
2e7ed2b6-2b11-427b-80dc-ffafd8c55657	426	436	s:421607
2e7ed2b6-2b11-427b-80dc-ffafd8c55657	437	442	s:164797
2e7ed2b6-2b11-427b-80dc-ffafd8c55657	443	447	s:406973
2e7ed2b6-2b11-427b-80dc-ffafd8c55657	448	450	s:478154
2e7ed2b6-2b11-427b-80dc-ffafd8c55657	451	459	s:163118
2e7ed2b6-2b11-427b-80dc-ffafd8c55657	460	477	s:19614
2e7ed2b6-2b11-427b-80dc-ffafd8c55657	479	481	s:105340
2e7ed2b6-2b11-427b-80dc-ffafd8c55657	482	486	s:62301
2e7ed2b6-2b11-427b-80dc-ffafd8c55657	487	490	s:440552
2e7ed2b6-2b11-427b-80dc-ffafd8c55657	491	501	s:445527
2e7ed2b6-2b11-427b-80dc-ffafd8c55657	502	505	s:288346
2e7ed2b6-2b11-427b-80dc-ffafd8c55657	506	510	s:197620
2e7ed2b6-2b11-427b-80dc-ffafd8c55657	511	518	s:39120
2e7ed2b6-2b11-427b-80dc-ffafd8c55657	519	526	s:468032
2e7ed2b6-2b11-427b-80dc-ffafd8c55657	527	534	s:68257
2e7ed2b6-2b11-427b-80dc-ffafd8c55657	535	537	s:427875
2e7ed2b6-2b11-427b-80dc-ffafd8c55657	538	544	s:317881
2e7ed2b6-2b11-427b-80dc-ffafd8c55657	545	551	s:275474
2e7ed2b6-2b11-427b-80dc-ffafd8c55657	552	556	s:444324
2e7ed2b6-2b11-427b-80dc-ffafd8c55657	558	561	s:405875
2e7ed2b6-2b11-427b-80dc-ffafd8c55657	562	564	s:272608
2e7ed2b6-2b11-427b-80dc-ffafd8c55657	565	568	s:165694
2e7ed2b6-2b11-427b-80dc-ffafd8c55657	569	574	s:436971
2e7ed2b6-2b11-427b-80dc-ffafd8c55657	575	585	s:137163
2e7ed2b6-2b11-427b-80dc-ffafd8c55657	586	590	s:230751
2e7ed2b6-2b11-427b-80dc-ffafd8c55657	591	602	s:292792
2e7ed2b6-2b11-427b-80dc-ffafd8c55657	604	607	s:166429
2e7ed2b6-2b11-427b-80dc-ffafd8c55657	608	616	s:342865
2e7ed2b6-2b11-427b-80dc-ffafd8c55657	617	621	s:105340
2e7ed2b6-2b11-427b-80dc-ffafd8c55657	622	632	s:32471
2e7ed2b6-2b11-427b-80dc-ffafd8c55657	633	637	s:166640
2e7ed2b6-2b11-427b-80dc-ffafd8c55657	638	642	s:487016
2e7ed2b6-2b11-427b-80dc-ffafd8c55657	644	654	s:47963
2e7ed2b6-2b11-427b-80dc-ffafd8c55657	655	660	s:467227
2e7ed2b6-2b11-427b-80dc-ffafd8c55657	662	664	s:408175
2e7ed2b6-2b11-427b-80dc-ffafd8c55657	665	670	s:409382
2e7ed2b6-2b11-427b-80dc-ffafd8c55657	675	680	s:223516
2e7ed2b6-2b11-427b-80dc-ffafd8c55657	682	688	s:432749
2e7ed2b6-2b11-427b-80dc-ffafd8c55657	689	692	s:105340
2e7ed2b6-2b11-427b-80dc-ffafd8c55657	693	699	s:163698
2e7ed2b6-2b11-427b-80dc-ffafd8c55657	702	704	s:133658
2e7ed2b6-2b11-427b-80dc-ffafd8c55657	709	715	s:432749
2e7ed2b6-2b11-427b-80dc-ffafd8c55657	716	719	s:105340
2e7ed2b6-2b11-427b-80dc-ffafd8c55657	720	726	s:163698
2e7ed2b6-2b11-427b-80dc-ffafd8c55657	729	736	s:306406
2e7ed2b6-2b11-427b-80dc-ffafd8c55657	737	742	s:306406
2e7ed2b6-2b11-427b-80dc-ffafd8c55657	744	759	https://tezaurs.lv/mwe:365437 (e:365437)
2e7ed2b6-2b11-427b-80dc-ffafd8c55657	761	768	s:193862
2e7ed2b6-2b11-427b-80dc-ffafd8c55657	769	778	s:150719
2e7ed2b6-2b11-427b-80dc-ffafd8c55657	779	783	s:464179
2e7ed2b6-2b11-427b-80dc-ffafd8c55657	785	792	s:298257
2e7ed2b6-2b11-427b-80dc-ffafd8c55657	793	802	s:491950
2e7ed2b6-2b11-427b-80dc-ffafd8c55657	803	805	s:425867
2e7ed2b6-2b11-427b-80dc-ffafd8c55657	806	816	s:141036
2e7ed2b6-2b11-427b-80dc-ffafd8c55657	817	824	s:298488
2e7ed2b6-2b11-427b-80dc-ffafd8c55657	825	834	s:257133
2e7ed2b6-2b11-427b-80dc-ffafd8c55657	835	839	s:234417
2e7ed2b6-2b11-427b-80dc-ffafd8c55657	840	847	s:328537
2e7ed2b6-2b11-427b-80dc-ffafd8c55657	849	852	s:174925
2e7ed2b6-2b11-427b-80dc-ffafd8c55657	853	857	s:105340
2e7ed2b6-2b11-427b-80dc-ffafd8c55657	858	866	s:266605
2e7ed2b6-2b11-427b-80dc-ffafd8c55657	867	875	s:21558
2e7ed2b6-2b11-427b-80dc-ffafd8c55657	878	881	s:223698
2e7ed2b6-2b11-427b-80dc-ffafd8c55657	883	887	s:448049
2e7ed2b6-2b11-427b-80dc-ffafd8c55657	888	896	s:206826
2e7ed2b6-2b11-427b-80dc-ffafd8c55657	897	905	s:322246
2e7ed2b6-2b11-427b-80dc-ffafd8c55657	907	911	s:166647
2e7ed2b6-2b11-427b-80dc-ffafd8c55657	912	915	s:105340
2e7ed2b6-2b11-427b-80dc-ffafd8c55657	916	921	s:440572
2e7ed2b6-2b11-427b-80dc-ffafd8c55657	922	929	s:151869
2e7ed2b6-2b11-427b-80dc-ffafd8c55657	930	937	s:432749
2e7ed2b6-2b11-427b-80dc-ffafd8c55657	939	943	s:230751
2e7ed2b6-2b11-427b-80dc-ffafd8c55657	944	952	s:457497
2e7ed2b6-2b11-427b-80dc-ffafd8c55657	954	961	s:326730
2e7ed2b6-2b11-427b-80dc-ffafd8c55657	963	966	s:62301
2e7ed2b6-2b11-427b-80dc-ffafd8c55657	967	970	s:413145
2e7ed2b6-2b11-427b-80dc-ffafd8c55657	971	981	s:435088
2e7ed2b6-2b11-427b-80dc-ffafd8c55657	982	984	s:166024
2e7ed2b6-2b11-427b-80dc-ffafd8c55657	985	989	s:297328
2e7ed2b6-2b11-427b-80dc-ffafd8c55657	990	999	s:277886
2e7ed2b6-2b11-427b-80dc-ffafd8c55657	1001	1003	s:408175
2e7ed2b6-2b11-427b-80dc-ffafd8c55657	1004	1007	s:62301
2e7ed2b6-2b11-427b-80dc-ffafd8c55657	1008	1012	s:230751
2e7ed2b6-2b11-427b-80dc-ffafd8c55657	1013	1018	s:433863
2e7ed2b6-2b11-427b-80dc-ffafd8c55657	1020	1026	s:91360
2e7ed2b6-2b11-427b-80dc-ffafd8c55657	1027	1033	s:431198
2e7ed2b6-2b11-427b-80dc-ffafd8c55657	1034	1044	s:118856
2e7ed2b6-2b11-427b-80dc-ffafd8c55657	1045	1052	s:173343
2e7ed2b6-2b11-427b-80dc-ffafd8c55657	1053	1056	s:105340
2e7ed2b6-2b11-427b-80dc-ffafd8c55657	1057	1064	s:475671
2e7ed2b6-2b11-427b-80dc-ffafd8c55657	1065	1075	s:304147
2e7ed2b6-2b11-427b-80dc-ffafd8c55657	1077	1080	s:166429
2e7ed2b6-2b11-427b-80dc-ffafd8c55657	1081	1085	s:62301
2e7ed2b6-2b11-427b-80dc-ffafd8c55657	1086	1091	s:366364
2e7ed2b6-2b11-427b-80dc-ffafd8c55657	1092	1097	s:112614
2e7ed2b6-2b11-427b-80dc-ffafd8c55657	1098	1102	s:439175
2e7ed2b6-2b11-427b-80dc-ffafd8c55657	1104	1106	s:425868
2e7ed2b6-2b11-427b-80dc-ffafd8c55657	1108	1115	s:155972
2e7ed2b6-2b11-427b-80dc-ffafd8c55657	1116	1119	https://tezaurs.lv/boa:1 (e:43557)
2e7ed2b6-2b11-427b-80dc-ffafd8c55657	1120	1126	s:76183
2e7ed2b6-2b11-427b-80dc-ffafd8c55657	1127	1129	s:478175
2e7ed2b6-2b11-427b-80dc-ffafd8c55657	1130	1137	s:27184
2e7ed2b6-2b11-427b-80dc-ffafd8c55657	1138	1140	s:425867
2e7ed2b6-2b11-427b-80dc-ffafd8c55657	1141	1150	s:139095
2e7ed2b6-2b11-427b-80dc-ffafd8c55657	1152	1156	s:255859
2e7ed2b6-2b11-427b-80dc-ffafd8c55657	1157	1161	s:468163
2e7ed2b6-2b11-427b-80dc-ffafd8c55657	1162	1168	s:62302
2e7ed2b6-2b11-427b-80dc-ffafd8c55657	1169	1179	s:139886
2e7ed2b6-2b11-427b-80dc-ffafd8c55657	1180	1185	s:457522
2e7ed2b6-2b11-427b-80dc-ffafd8c55657	1188	1191	s:425870
2e7ed2b6-2b11-427b-80dc-ffafd8c55657	1191	1194	s:405640
2e7ed2b6-2b11-427b-80dc-ffafd8c55657	1194	1196	s:105340
2e7ed2b6-2b11-427b-80dc-ffafd8c55657	1197	1206	s:336510
2e7ed2b6-2b11-427b-80dc-ffafd8c55657	1207	1209	s:490123
2e7ed2b6-2b11-427b-80dc-ffafd8c55657	1210	1212	s:398468
2e7ed2b6-2b11-427b-80dc-ffafd8c55657	1213	1221	s:288473
2e7ed2b6-2b11-427b-80dc-ffafd8c55657	1222	1229	s:151006
2e7ed2b6-2b11-427b-80dc-ffafd8c55657	1230	1235	s:483610
2e7ed2b6-2b11-427b-80dc-ffafd8c55657	1236	1245	s:140699
2e7ed2b6-2b11-427b-80dc-ffafd8c55657	1246	1250	s:1883
2e7ed2b6-2b11-427b-80dc-ffafd8c55657	1252	1265	s:7904
2e7ed2b6-2b11-427b-80dc-ffafd8c55657	1267	1269	s:165969
2e7ed2b6-2b11-427b-80dc-ffafd8c55657	1270	1277	s:33254
2e7ed2b6-2b11-427b-80dc-ffafd8c55657	1278	1288	s:421607
2e7ed2b6-2b11-427b-80dc-ffafd8c55657	1289	1294	s:164797
2e7ed2b6-2b11-427b-80dc-ffafd8c55657	1295	1299	s:406912
2e7ed2b6-2b11-427b-80dc-ffafd8c55657	1300	1302	s:478154
2e7ed2b6-2b11-427b-80dc-ffafd8c55657	1303	1311	s:163118
2e7ed2b6-2b11-427b-80dc-ffafd8c55657	1312	1329	s:19614
2e7ed2b6-2b11-427b-80dc-ffafd8c55657	1331	1335	s:405861
2e7ed2b6-2b11-427b-80dc-ffafd8c55657	1336	1339	s:398468
2e7ed2b6-2b11-427b-80dc-ffafd8c55657	1340	1346	s:234417
2e7ed2b6-2b11-427b-80dc-ffafd8c55657	1347	1354	s:328537
2e7ed2b6-2b11-427b-80dc-ffafd8c55657	1355	1362	s:218760
2e7ed2b6-2b11-427b-80dc-ffafd8c55657	1363	1367	s:254502
2e7ed2b6-2b11-427b-80dc-ffafd8c55657	1368	1379	s:265460
2e7ed2b6-2b11-427b-80dc-ffafd8c55657	1381	1385	s:254502
2e7ed2b6-2b11-427b-80dc-ffafd8c55657	1386	1393	s:263144
2e7ed2b6-2b11-427b-80dc-ffafd8c55657	1394	1404	s:253530
2e7ed2b6-2b11-427b-80dc-ffafd8c55657	1406	1418	s:157934
2e7ed2b6-2b11-427b-80dc-ffafd8c55657	1419	1422	s:26489
2e7ed2b6-2b11-427b-80dc-ffafd8c55657	1424	1426	s:165966
2e7ed2b6-2b11-427b-80dc-ffafd8c55657	1427	1431	s:448049
2e7ed2b6-2b11-427b-80dc-ffafd8c55657	1432	1437	s:244693
2e7ed2b6-2b11-427b-80dc-ffafd8c55657	1438	1442	s:269601
2e7ed2b6-2b11-427b-80dc-ffafd8c55657	1443	1445	s:260574
2e7ed2b6-2b11-427b-80dc-ffafd8c55657	1446	1450	s:40757
2e7ed2b6-2b11-427b-80dc-ffafd8c55657	1452	1458	s:375472
2e7ed2b6-2b11-427b-80dc-ffafd8c55657	1459	1462	s:433587
2e7ed2b6-2b11-427b-80dc-ffafd8c55657	1463	1469	s:41195
2e7ed2b6-2b11-427b-80dc-ffafd8c55657	1471	1476	s:255859
2e7ed2b6-2b11-427b-80dc-ffafd8c55657	1477	1488	s:216395
2e7ed2b6-2b11-427b-80dc-ffafd8c55657	1490	1492	s:165969
2e7ed2b6-2b11-427b-80dc-ffafd8c55657	1493	1497	s:448049
2e7ed2b6-2b11-427b-80dc-ffafd8c55657	1498	1502	s:62301
2e7ed2b6-2b11-427b-80dc-ffafd8c55657	1503	1514	s:477501
2e7ed2b6-2b11-427b-80dc-ffafd8c55657	1515	1523	s:421524
2e7ed2b6-2b11-427b-80dc-ffafd8c55657	1524	1528	s:444324
2e7ed2b6-2b11-427b-80dc-ffafd8c55657	1529	1540	s:265460
2e7ed2b6-2b11-427b-80dc-ffafd8c55657	1541	1546	s:498436
2e7ed2b6-2b11-427b-80dc-ffafd8c55657	1548	1551	s:473608
2e7ed2b6-2b11-427b-80dc-ffafd8c55657	1552	1559	s:46612
2e7ed2b6-2b11-427b-80dc-ffafd8c55657	1560	1566	s:30855
2e7ed2b6-2b11-427b-80dc-ffafd8c55657	1567	1572	s:381213
2e7ed2b6-2b11-427b-80dc-ffafd8c55657	1573	1578	s:346617
2e7ed2b6-2b11-427b-80dc-ffafd8c55657	1580	1582	s:105340
2e7ed2b6-2b11-427b-80dc-ffafd8c55657	1583	1588	s:448049
2e7ed2b6-2b11-427b-80dc-ffafd8c55657	1589	1596	s:162992
2e7ed2b6-2b11-427b-80dc-ffafd8c55657	1601	1604	s:48549
2e7ed2b6-2b11-427b-80dc-ffafd8c55657	1606	1608	s:174916
2e7ed2b6-2b11-427b-80dc-ffafd8c55657	1609	1612	s:405873
2e7ed2b6-2b11-427b-80dc-ffafd8c55657	1613	1615	s:421165
2e7ed2b6-2b11-427b-80dc-ffafd8c55657	1616	1618	s:397490
2e7ed2b6-2b11-427b-80dc-ffafd8c55657	1619	1623	s:78776
2e7ed2b6-2b11-427b-80dc-ffafd8c55657	1626	1628	s:425870
2e7ed2b6-2b11-427b-80dc-ffafd8c55657	1629	1633	s:448049
2e7ed2b6-2b11-427b-80dc-ffafd8c55657	1634	1639	s:31083
2e7ed2b6-2b11-427b-80dc-ffafd8c55657	1640	1643	s:105340
2e7ed2b6-2b11-427b-80dc-ffafd8c55657	1644	1651	s:241529
2e7ed2b6-2b11-427b-80dc-ffafd8c55657	1652	1659	s:285561
2e7ed2b6-2b11-427b-80dc-ffafd8c55657	1661	1666	s:149640
2e7ed2b6-2b11-427b-80dc-ffafd8c55657	1667	1671	s:346572
2e7ed2b6-2b11-427b-80dc-ffafd8c55657	1672	1676	s:62301
2e7ed2b6-2b11-427b-80dc-ffafd8c55657	1677	1680	s:288342
2e7ed2b6-2b11-427b-80dc-ffafd8c55657	1681	1688	s:174894
2e7ed2b6-2b11-427b-80dc-ffafd8c55657	1689	1696	s:366673
2e7ed2b6-2b11-427b-80dc-ffafd8c55657	1697	1704	s:394393
2e7ed2b6-2b11-427b-80dc-ffafd8c55657	1709	1714	s:223516
2e7ed2b6-2b11-427b-80dc-ffafd8c55657	1716	1722	s:432749
2e7ed2b6-2b11-427b-80dc-ffafd8c55657	1723	1726	s:105340
2e7ed2b6-2b11-427b-80dc-ffafd8c55657	1727	1733	s:163698
2e7ed2b6-2b11-427b-80dc-ffafd8c55657	1736	1739	s:166433
2e7ed2b6-2b11-427b-80dc-ffafd8c55657	1740	1749	s:269107
2e7ed2b6-2b11-427b-80dc-ffafd8c55657	1750	1753	s:238701
2e7ed2b6-2b11-427b-80dc-ffafd8c55657	1754	1759	s:288755
2e7ed2b6-2b11-427b-80dc-ffafd8c55657	1760	1767	s:360224
2e7ed2b6-2b11-427b-80dc-ffafd8c55657	1769	1772	s:238701
2e7ed2b6-2b11-427b-80dc-ffafd8c55657	1773	1788	s:428655
2e7ed2b6-2b11-427b-80dc-ffafd8c55657	1789	1800	s:283613
2e7ed2b6-2b11-427b-80dc-ffafd8c55657	1802	1806	s:474146
2e7ed2b6-2b11-427b-80dc-ffafd8c55657	1807	1810	s:26494
2e7ed2b6-2b11-427b-80dc-ffafd8c55657	1811	1821	s:421607
2e7ed2b6-2b11-427b-80dc-ffafd8c55657	1822	1827	s:164797
2e7ed2b6-2b11-427b-80dc-ffafd8c55657	1828	1832	s:489168
2e7ed2b6-2b11-427b-80dc-ffafd8c55657	1833	1835	s:478154
2e7ed2b6-2b11-427b-80dc-ffafd8c55657	1836	1853	s:19614
2e7ed2b6-2b11-427b-80dc-ffafd8c55657	1854	1856	s:425867
2e7ed2b6-2b11-427b-80dc-ffafd8c55657	1857	1862	s:253539
2e7ed2b6-2b11-427b-80dc-ffafd8c55657	1863	1871	s:57722
2e7ed2b6-2b11-427b-80dc-ffafd8c55657	1872	1875	s:408175
2e7ed2b6-2b11-427b-80dc-ffafd8c55657	1876	1879	s:105340
2e7ed2b6-2b11-427b-80dc-ffafd8c55657	1880	1885	s:400369
2e7ed2b6-2b11-427b-80dc-ffafd8c55657	1886	1893	s:477323
2e7ed2b6-2b11-427b-80dc-ffafd8c55657	1895	1897	s:105340
2e7ed2b6-2b11-427b-80dc-ffafd8c55657	1898	1903	s:415857
2e7ed2b6-2b11-427b-80dc-ffafd8c55657	1904	1910	s:155980
2e7ed2b6-2b11-427b-80dc-ffafd8c55657	1911	1913	s:260569
2e7ed2b6-2b11-427b-80dc-ffafd8c55657	1914	1921	s:166125
2e7ed2b6-2b11-427b-80dc-ffafd8c55657	1922	1928	s:287988
2e7ed2b6-2b11-427b-80dc-ffafd8c55657	1929	1933	s:209626
2e7ed2b6-2b11-427b-80dc-ffafd8c55657	1934	1936	s:425867
2e7ed2b6-2b11-427b-80dc-ffafd8c55657	1937	1947	s:310865
2e7ed2b6-2b11-427b-80dc-ffafd8c55657	1949	1952	s:405868
2e7ed2b6-2b11-427b-80dc-ffafd8c55657	1953	1956	s:114859
2e7ed2b6-2b11-427b-80dc-ffafd8c55657	1957	1966	s:30026
2e7ed2b6-2b11-427b-80dc-ffafd8c55657	1968	1970	s:165969
2e7ed2b6-2b11-427b-80dc-ffafd8c55657	1971	1975	s:62302
2e7ed2b6-2b11-427b-80dc-ffafd8c55657	1976	1984	s:226868
2e7ed2b6-2b11-427b-80dc-ffafd8c55657	1985	1992	s:114934
2e7ed2b6-2b11-427b-80dc-ffafd8c55657	1993	2000	s:444985
2e7ed2b6-2b11-427b-80dc-ffafd8c55657	2001	2011	s:127651
2e7ed2b6-2b11-427b-80dc-ffafd8c55657	2013	2020	s:443187
2e7ed2b6-2b11-427b-80dc-ffafd8c55657	2022	2032	s:338888
2e7ed2b6-2b11-427b-80dc-ffafd8c55657	2033	2035	s:425867
2e7ed2b6-2b11-427b-80dc-ffafd8c55657	2036	2045	s:121590
2e7ed2b6-2b11-427b-80dc-ffafd8c55657	2047	2049	s:425867
2e7ed2b6-2b11-427b-80dc-ffafd8c55657	2050	2055	s:409382
2e7ed2b6-2b11-427b-80dc-ffafd8c55657	2056	2063	s:234249
2e7ed2b6-2b11-427b-80dc-ffafd8c55657	2064	2068	s:144801
2e7ed2b6-2b11-427b-80dc-ffafd8c55657	2069	2077	s:328537
2e7ed2b6-2b11-427b-80dc-ffafd8c55657	2079	2081	s:165969
2e7ed2b6-2b11-427b-80dc-ffafd8c55657	2082	2089	s:323188
2e7ed2b6-2b11-427b-80dc-ffafd8c55657	2090	2095	s:457522
2e7ed2b6-2b11-427b-80dc-ffafd8c55657	2097	2101	s:448049
2e7ed2b6-2b11-427b-80dc-ffafd8c55657	2102	2105	s:105340
2e7ed2b6-2b11-427b-80dc-ffafd8c55657	2106	2115	s:29787
2e7ed2b6-2b11-427b-80dc-ffafd8c55657	2120	2129	s:408167
2e7ed2b6-2b11-427b-80dc-ffafd8c55657	2131	2137	s:432749
2e7ed2b6-2b11-427b-80dc-ffafd8c55657	2138	2141	s:105340
2e7ed2b6-2b11-427b-80dc-ffafd8c55657	2142	2148	s:163698
2e7ed2b6-2b11-427b-80dc-ffafd8c55657	2151	2153	s:405651
2e7ed2b6-2b11-427b-80dc-ffafd8c55657	2154	2156	s:166010
2e7ed2b6-2b11-427b-80dc-ffafd8c55657	2157	2162	s:255798
2e7ed2b6-2b11-427b-80dc-ffafd8c55657	2163	2169	s:62302
2e7ed2b6-2b11-427b-80dc-ffafd8c55657	2170	2177	s:457522
2e7ed2b6-2b11-427b-80dc-ffafd8c55657	2178	2184	s:163698
2e7ed2b6-2b11-427b-80dc-ffafd8c55657	2186	2188	s:105340
2e7ed2b6-2b11-427b-80dc-ffafd8c55657	2189	2195	s:490430
2e7ed2b6-2b11-427b-80dc-ffafd8c55657	2196	2201	s:445404
2e7ed2b6-2b11-427b-80dc-ffafd8c55657	2202	2204	s:260570
2e7ed2b6-2b11-427b-80dc-ffafd8c55657	2205	2209	s:489208
2e7ed2b6-2b11-427b-80dc-ffafd8c55657	2210	2216	s:87582
2e7ed2b6-2b11-427b-80dc-ffafd8c55657	2217	2228	s:444984
2e7ed2b6-2b11-427b-80dc-ffafd8c55657	2229	2239	s:457497
2e7ed2b6-2b11-427b-80dc-ffafd8c55657	2241	2243	s:474075
2e7ed2b6-2b11-427b-80dc-ffafd8c55657	2244	2249	s:323188
2e7ed2b6-2b11-427b-80dc-ffafd8c55657	2250	2255	s:457522
2e7ed2b6-2b11-427b-80dc-ffafd8c55657	2257	2262	s:326809
2e7ed2b6-2b11-427b-80dc-ffafd8c55657	2264	2275	s:431925
2e7ed2b6-2b11-427b-80dc-ffafd8c55657	2276	2281	s:76183
2e7ed2b6-2b11-427b-80dc-ffafd8c55657	2282	2284	s:25517
2e7ed2b6-2b11-427b-80dc-ffafd8c55657	2285	2291	s:457280
2e7ed2b6-2b11-427b-80dc-ffafd8c55657	2292	2298	s:439574
2e7ed2b6-2b11-427b-80dc-ffafd8c55657	2300	2304	s:62302
2e7ed2b6-2b11-427b-80dc-ffafd8c55657	2305	2314	s:26721
2e7ed2b6-2b11-427b-80dc-ffafd8c55657	2315	2325	s:292791
2e7ed2b6-2b11-427b-80dc-ffafd8c55657	2327	2330	s:473608
2e7ed2b6-2b11-427b-80dc-ffafd8c55657	2331	2339	s:152132
2e7ed2b6-2b11-427b-80dc-ffafd8c55657	2340	2344	s:234417
2e7ed2b6-2b11-427b-80dc-ffafd8c55657	2345	2352	s:328537
2e7ed2b6-2b11-427b-80dc-ffafd8c55657	2353	2361	s:29787
2e7ed2b6-2b11-427b-80dc-ffafd8c55657	2365	2367	s:253771
2e7ed2b6-2b11-427b-80dc-ffafd8c55657	2369	2371	s:253771
2e7ed2b6-2b11-427b-80dc-ffafd8c55657	2373	2375	s:105340
2e7ed2b6-2b11-427b-80dc-ffafd8c55657	2376	2383	s:123283
2e7ed2b6-2b11-427b-80dc-ffafd8c55657	2384	2390	s:457280
2e7ed2b6-2b11-427b-80dc-ffafd8c55657	2391	2397	s:76183
2e7ed2b6-2b11-427b-80dc-ffafd8c55657	2398	2404	s:439574
2e7ed2b6-2b11-427b-80dc-ffafd8c55657	2406	2411	s:76183
2e7ed2b6-2b11-427b-80dc-ffafd8c55657	2412	2414	s:62301
2e7ed2b6-2b11-427b-80dc-ffafd8c55657	2415	2419	s:226234
2e7ed2b6-2b11-427b-80dc-ffafd8c55657	2420	2427	s:51798
2e7ed2b6-2b11-427b-80dc-ffafd8c55657	2429	2431	s:425868
2e7ed2b6-2b11-427b-80dc-ffafd8c55657	2432	2439	s:457280
2e7ed2b6-2b11-427b-80dc-ffafd8c55657	2440	2442	s:62301
2e7ed2b6-2b11-427b-80dc-ffafd8c55657	2443	2447	s:226234
2e7ed2b6-2b11-427b-80dc-ffafd8c55657	2448	2453	s:217211
2e7ed2b6-2b11-427b-80dc-ffafd8c55657	2454	2456	s:425867
2e7ed2b6-2b11-427b-80dc-ffafd8c55657	2457	2465	s:478076
2e7ed2b6-2b11-427b-80dc-ffafd8c55657	2467	2472	s:230751
2e7ed2b6-2b11-427b-80dc-ffafd8c55657	2473	2478	s:228271
2e7ed2b6-2b11-427b-80dc-ffafd8c55657	2479	2483	s:449763
2e7ed2b6-2b11-427b-80dc-ffafd8c55657	2484	2486	s:62301
2e7ed2b6-2b11-427b-80dc-ffafd8c55657	2487	2490	s:413145
2e7ed2b6-2b11-427b-80dc-ffafd8c55657	2491	2495	s:234411
2e7ed2b6-2b11-427b-80dc-ffafd8c55657	2497	2500	s:105340
2e7ed2b6-2b11-427b-80dc-ffafd8c55657	2501	2506	s:434375
2e7ed2b6-2b11-427b-80dc-ffafd8c55657	2507	2513	s:163698
2e7ed2b6-2b11-427b-80dc-ffafd8c55657	2515	2521	s:432749
2e7ed2b6-2b11-427b-80dc-ffafd8c55657	2522	2525	s:105340
2e7ed2b6-2b11-427b-80dc-ffafd8c55657	2526	2532	s:163698
2e7ed2b6-2b11-427b-80dc-ffafd8c55657	2534	2536	s:425870
2e7ed2b6-2b11-427b-80dc-ffafd8c55657	2537	2539	s:105340
2e7ed2b6-2b11-427b-80dc-ffafd8c55657	2540	2548	s:432749
2e7ed2b6-2b11-427b-80dc-ffafd8c55657	2551	2559	s:430201
2e7ed2b6-2b11-427b-80dc-ffafd8c55657	2560	2570	s:23521
2e7ed2b6-2b11-427b-80dc-ffafd8c55657	2571	2579	s:457497
2e7ed2b6-2b11-427b-80dc-ffafd8c55657	2581	2588	s:328537
2e7ed2b6-2b11-427b-80dc-ffafd8c55657	2589	2596	s:470122
2e7ed2b6-2b11-427b-80dc-ffafd8c55657	2601	2603	s:253771
2e7ed2b6-2b11-427b-80dc-ffafd8c55657	2605	2608	s:398468
2e7ed2b6-2b11-427b-80dc-ffafd8c55657	2609	2612	s:161967
2e7ed2b6-2b11-427b-80dc-ffafd8c55657	2613	2615	s:62301
2e7ed2b6-2b11-427b-80dc-ffafd8c55657	2616	2622	s:469498
2e7ed2b6-2b11-427b-80dc-ffafd8c55657	2623	2628	s:376574
2e7ed2b6-2b11-427b-80dc-ffafd8c55657	2630	2636	s:432749
2e7ed2b6-2b11-427b-80dc-ffafd8c55657	2637	2641	s:69802
2e7ed2b6-2b11-427b-80dc-ffafd8c55657	2643	2645	s:105340
2e7ed2b6-2b11-427b-80dc-ffafd8c55657	2646	2654	s:432749
2e7ed2b6-2b11-427b-80dc-ffafd8c55657	2657	2661	s:476619
2e7ed2b6-2b11-427b-80dc-ffafd8c55657	2662	2668	s:90244
2e7ed2b6-2b11-427b-80dc-ffafd8c55657	2669	2673	s:477123
2e7ed2b6-2b11-427b-80dc-ffafd8c55657	2674	2676	s:425867
2e7ed2b6-2b11-427b-80dc-ffafd8c55657	2677	2686	s:136786
2e7ed2b6-2b11-427b-80dc-ffafd8c55657	2687	2697	s:294910
2e7ed2b6-2b11-427b-80dc-ffafd8c55657	2701	2704	s:433599
2e7ed2b6-2b11-427b-80dc-ffafd8c55657	2705	2708	s:405873
2e7ed2b6-2b11-427b-80dc-ffafd8c55657	2709	2711	s:421174
2e7ed2b6-2b11-427b-80dc-ffafd8c55657	2712	2719	s:337715
2e7ed2b6-2b11-427b-80dc-ffafd8c55657	2721	2724	s:408175
2e7ed2b6-2b11-427b-80dc-ffafd8c55657	2725	2728	s:62301
2e7ed2b6-2b11-427b-80dc-ffafd8c55657	2734	2740	s:163698
2e7ed2b6-2b11-427b-80dc-ffafd8c55657	2742	2745	s:48547
2e7ed2b6-2b11-427b-80dc-ffafd8c55657	2746	2750	s:37843
2e7ed2b6-2b11-427b-80dc-ffafd8c55657	2752	2757	s:448049
2e7ed2b6-2b11-427b-80dc-ffafd8c55657	2758	2760	s:62299
2e7ed2b6-2b11-427b-80dc-ffafd8c55657	2761	2765	s:334508
2e7ed2b6-2b11-427b-80dc-ffafd8c55657	2768	2770	s:105340
2e7ed2b6-2b11-427b-80dc-ffafd8c55657	2771	2778	s:441134
2e7ed2b6-2b11-427b-80dc-ffafd8c55657	2779	2788	s:481310
2e7ed2b6-2b11-427b-80dc-ffafd8c55657	2789	2797	s:457497
2e7ed2b6-2b11-427b-80dc-ffafd8c55657	2799	2803	s:405861
2e7ed2b6-2b11-427b-80dc-ffafd8c55657	2804	2811	s:328537
2e7ed2b6-2b11-427b-80dc-ffafd8c55657	2812	2814	s:408175
2e7ed2b6-2b11-427b-80dc-ffafd8c55657	2815	2824	s:479191
2e7ed2b6-2b11-427b-80dc-ffafd8c55657	2825	2830	s:407547
2e7ed2b6-2b11-427b-80dc-ffafd8c55657	2831	2833	s:473588
2e7ed2b6-2b11-427b-80dc-ffafd8c55657	2834	2839	s:449761
2e7ed2b6-2b11-427b-80dc-ffafd8c55657	2840	2852	s:140864
2e7ed2b6-2b11-427b-80dc-ffafd8c55657	2857	2860	s:398468
2e7ed2b6-2b11-427b-80dc-ffafd8c55657	2861	2863	s:62301
2e7ed2b6-2b11-427b-80dc-ffafd8c55657	2864	2869	s:288754
2e7ed2b6-2b11-427b-80dc-ffafd8c55657	2870	2874	s:439168
2e7ed2b6-2b11-427b-80dc-ffafd8c55657	2876	2878	s:105340
2e7ed2b6-2b11-427b-80dc-ffafd8c55657	2879	2884	s:123283
2e7ed2b6-2b11-427b-80dc-ffafd8c55657	2885	2891	s:163698
2e7ed2b6-2b11-427b-80dc-ffafd8c55657	2893	2896	s:174925
2e7ed2b6-2b11-427b-80dc-ffafd8c55657	2897	2901	s:145362
2e7ed2b6-2b11-427b-80dc-ffafd8c55657	2902	2909	s:97473
2e7ed2b6-2b11-427b-80dc-ffafd8c55657	2912	2915	s:405868
2e7ed2b6-2b11-427b-80dc-ffafd8c55657	2916	2919	s:105340
2e7ed2b6-2b11-427b-80dc-ffafd8c55657	2920	2928	s:309671
2e7ed2b6-2b11-427b-80dc-ffafd8c55657	2929	2939	s:280853
2e7ed2b6-2b11-427b-80dc-ffafd8c55657	2941	2943	s:425868
2e7ed2b6-2b11-427b-80dc-ffafd8c55657	2945	2947	s:405651
2e7ed2b6-2b11-427b-80dc-ffafd8c55657	2948	2950	s:166010
2e7ed2b6-2b11-427b-80dc-ffafd8c55657	2951	2959	s:386927
2e7ed2b6-2b11-427b-80dc-ffafd8c55657	2960	2967	s:153125
2e7ed2b6-2b11-427b-80dc-ffafd8c55657	2968	2974	s:247934
2e7ed2b6-2b11-427b-80dc-ffafd8c55657	2976	2978	s:105340
2e7ed2b6-2b11-427b-80dc-ffafd8c55657	2979	2985	s:490430
2e7ed2b6-2b11-427b-80dc-ffafd8c55657	2986	2990	s:396370
2e7ed2b6-2b11-427b-80dc-ffafd8c55657	2991	2999	s:457497
2e7ed2b6-2b11-427b-80dc-ffafd8c55657	3002	3004	s:425870
2e7ed2b6-2b11-427b-80dc-ffafd8c55657	3005	3011	s:33715
2e7ed2b6-2b11-427b-80dc-ffafd8c55657	3012	3017	s:409382
2e7ed2b6-2b11-427b-80dc-ffafd8c55657	3022	3024	s:398468
2e7ed2b6-2b11-427b-80dc-ffafd8c55657	3025	3027	s:409003
2e7ed2b6-2b11-427b-80dc-ffafd8c55657	3028	3030	s:62301
2e7ed2b6-2b11-427b-80dc-ffafd8c55657	3031	3036	s:175247
2e7ed2b6-2b11-427b-80dc-ffafd8c55657	3038	3044	s:163698
2e7ed2b6-2b11-427b-80dc-ffafd8c55657	3046	3048	s:174925
2e7ed2b6-2b11-427b-80dc-ffafd8c55657	3049	3051	s:421165
2e7ed2b6-2b11-427b-80dc-ffafd8c55657	3052	3058	s:491334
2e7ed2b6-2b11-427b-80dc-ffafd8c55657	3060	3067	s:33254
2e7ed2b6-2b11-427b-80dc-ffafd8c55657	3068	3071	s:422646
2e7ed2b6-2b11-427b-80dc-ffafd8c55657	3072	3077	s:139022
2e7ed2b6-2b11-427b-80dc-ffafd8c55657	3080	3083	s:48549
2e7ed2b6-2b11-427b-80dc-ffafd8c55657	3084	3092	s:226233
2e7ed2b6-2b11-427b-80dc-ffafd8c55657	3093	3097	s:62302
2e7ed2b6-2b11-427b-80dc-ffafd8c55657	3098	3108	s:292791
2e7ed2b6-2b11-427b-80dc-ffafd8c55657	3110	3119	s:337715
2e7ed2b6-2b11-427b-80dc-ffafd8c55657	3121	3123	s:165969
2e7ed2b6-2b11-427b-80dc-ffafd8c55657	3124	3128	s:476619
2e7ed2b6-2b11-427b-80dc-ffafd8c55657	3129	3133	s:234417
2e7ed2b6-2b11-427b-80dc-ffafd8c55657	3134	3141	s:194996
2e7ed2b6-2b11-427b-80dc-ffafd8c55657	3142	3146	s:363718
2e7ed2b6-2b11-427b-80dc-ffafd8c55657	3147	3156	s:470719
2e7ed2b6-2b11-427b-80dc-ffafd8c55657	3157	3163	s:324711
2e7ed2b6-2b11-427b-80dc-ffafd8c55657	3168	3173	s:412937
2e7ed2b6-2b11-427b-80dc-ffafd8c55657	3174	3178	s:405933
2e7ed2b6-2b11-427b-80dc-ffafd8c55657	3179	3181	s:105340
2e7ed2b6-2b11-427b-80dc-ffafd8c55657	3182	3189	s:491334
2e7ed2b6-2b11-427b-80dc-ffafd8c55657	3191	3193	s:166018
2e7ed2b6-2b11-427b-80dc-ffafd8c55657	3194	3197	s:421165
2e7ed2b6-2b11-427b-80dc-ffafd8c55657	3198	3203	s:400369
2e7ed2b6-2b11-427b-80dc-ffafd8c55657	3205	3208	s:433591
2e7ed2b6-2b11-427b-80dc-ffafd8c55657	3209	3212	s:398468
2e7ed2b6-2b11-427b-80dc-ffafd8c55657	3213	3220	s:163698
2e7ed2b6-2b11-427b-80dc-ffafd8c55657	3221	3229	s:434375
2e7ed2b6-2b11-427b-80dc-ffafd8c55657	3230	3235	s:79490
2e7ed2b6-2b11-427b-80dc-ffafd8c55657	3236	3241	s:453377
2e7ed2b6-2b11-427b-80dc-ffafd8c55657	3245	3250	s:166493
2e7ed2b6-2b11-427b-80dc-ffafd8c55657	3255	3260	s:489098
2e7ed2b6-2b11-427b-80dc-ffafd8c55657	3262	3264	s:473572
2e7ed2b6-2b11-427b-80dc-ffafd8c55657	3265	3270	s:230751
2e7ed2b6-2b11-427b-80dc-ffafd8c55657	3271	3276	s:228271
2e7ed2b6-2b11-427b-80dc-ffafd8c55657	3277	3281	s:449763
2e7ed2b6-2b11-427b-80dc-ffafd8c55657	3282	3284	s:62301
2e7ed2b6-2b11-427b-80dc-ffafd8c55657	3285	3289	s:226234
2e7ed2b6-2b11-427b-80dc-ffafd8c55657	3290	3294	s:234411
2e7ed2b6-2b11-427b-80dc-ffafd8c55657	3299	3309	s:444722
2e7ed2b6-2b11-427b-80dc-ffafd8c55657	3310	3317	s:309583
2e7ed2b6-2b11-427b-80dc-ffafd8c55657	3319	3321	s:105340
2e7ed2b6-2b11-427b-80dc-ffafd8c55657	3322	3325	s:421165
2e7ed2b6-2b11-427b-80dc-ffafd8c55657	3326	3336	s:428505
2e7ed2b6-2b11-427b-80dc-ffafd8c55657	3337	3344	s:298488
2e7ed2b6-2b11-427b-80dc-ffafd8c55657	3345	3349	s:234411
2e7ed2b6-2b11-427b-80dc-ffafd8c55657	3350	3356	s:163698
2e7ed2b6-2b11-427b-80dc-ffafd8c55657	3359	3363	s:448049
2e7ed2b6-2b11-427b-80dc-ffafd8c55657	3364	3372	s:265043
2e7ed2b6-2b11-427b-80dc-ffafd8c55657	3373	3376	s:480941
2e7ed2b6-2b11-427b-80dc-ffafd8c55657	3377	3385	s:457497
2e7ed2b6-2b11-427b-80dc-ffafd8c55657	3390	3393	s:62301
2e7ed2b6-2b11-427b-80dc-ffafd8c55657	3394	3397	s:161967
2e7ed2b6-2b11-427b-80dc-ffafd8c55657	3398	3403	s:256514
2e7ed2b6-2b11-427b-80dc-ffafd8c55657	3404	3407	s:413145
2e7ed2b6-2b11-427b-80dc-ffafd8c55657	3408	3414	s:234165
2e7ed2b6-2b11-427b-80dc-ffafd8c55657	3416	3422	s:294678
2e7ed2b6-2b11-427b-80dc-ffafd8c55657	3424	3428	s:448049
2e7ed2b6-2b11-427b-80dc-ffafd8c55657	3429	3431	s:62302
2e7ed2b6-2b11-427b-80dc-ffafd8c55657	3432	3441	s:7849
2e7ed2b6-2b11-427b-80dc-ffafd8c55657	3446	3448	s:405640
2e7ed2b6-2b11-427b-80dc-ffafd8c55657	3449	3451	s:105340
2e7ed2b6-2b11-427b-80dc-ffafd8c55657	3452	3461	s:140535
2e7ed2b6-2b11-427b-80dc-ffafd8c55657	3462	3464	s:25518
2e7ed2b6-2b11-427b-80dc-ffafd8c55657	3465	3469	s:234417
2e7ed2b6-2b11-427b-80dc-ffafd8c55657	3470	3476	s:325490
6fc15936-c613-454b-9965-e32be1394e69	0	0	s:360584
6fc15936-c613-454b-9965-e32be1394e69	26	29	s:166429
6fc15936-c613-454b-9965-e32be1394e69	30	33	s:105340
6fc15936-c613-454b-9965-e32be1394e69	34	38	s:467905
6fc15936-c613-454b-9965-e32be1394e69	39	43	s:366364
6fc15936-c613-454b-9965-e32be1394e69	44	48	s:112615
6fc15936-c613-454b-9965-e32be1394e69	50	54	s:338470
6fc15936-c613-454b-9965-e32be1394e69	55	59	s:166640
6fc15936-c613-454b-9965-e32be1394e69	60	67	s:121577
6fc15936-c613-454b-9965-e32be1394e69	68	71	s:480926
6fc15936-c613-454b-9965-e32be1394e69	72	80	s:250862
6fc15936-c613-454b-9965-e32be1394e69	82	86	s:200930
6fc15936-c613-454b-9965-e32be1394e69	87	93	s:360584
6fc15936-c613-454b-9965-e32be1394e69	95	102	s:296889
6fc15936-c613-454b-9965-e32be1394e69	103	109	s:386245
6fc15936-c613-454b-9965-e32be1394e69	112	122	s:141036
6fc15936-c613-454b-9965-e32be1394e69	123	133	s:57997
6fc15936-c613-454b-9965-e32be1394e69	134	140	s:35628
6fc15936-c613-454b-9965-e32be1394e69	142	145	s:489857
6fc15936-c613-454b-9965-e32be1394e69	146	150	s:62302
6fc15936-c613-454b-9965-e32be1394e69	151	159	s:35608
6fc15936-c613-454b-9965-e32be1394e69	160	163	s:54218
6fc15936-c613-454b-9965-e32be1394e69	164	169	s:76183
6fc15936-c613-454b-9965-e32be1394e69	171	174	s:174925
6fc15936-c613-454b-9965-e32be1394e69	175	180	s:22938
6fc15936-c613-454b-9965-e32be1394e69	181	185	s:476951
6fc15936-c613-454b-9965-e32be1394e69	186	191	s:460292
6fc15936-c613-454b-9965-e32be1394e69	193	196	s:223698
6fc15936-c613-454b-9965-e32be1394e69	203	213	s:505218
6fc15936-c613-454b-9965-e32be1394e69	214	222	s:457497
6fc15936-c613-454b-9965-e32be1394e69	225	232	s:121577
6fc15936-c613-454b-9965-e32be1394e69	233	237	s:62302
6fc15936-c613-454b-9965-e32be1394e69	238	246	s:335098
6fc15936-c613-454b-9965-e32be1394e69	249	252	s:54218
6fc15936-c613-454b-9965-e32be1394e69	253	259	s:76183
6fc15936-c613-454b-9965-e32be1394e69	259	264	s:362096
6fc15936-c613-454b-9965-e32be1394e69	265	274	s:211379
6fc15936-c613-454b-9965-e32be1394e69	275	280	s:22938
6fc15936-c613-454b-9965-e32be1394e69	281	287	s:442903
6fc15936-c613-454b-9965-e32be1394e69	289	291	s:408175
6fc15936-c613-454b-9965-e32be1394e69	292	305	s:358560
6fc15936-c613-454b-9965-e32be1394e69	307	314	s:299110
6fc15936-c613-454b-9965-e32be1394e69	315	318	s:408175
6fc15936-c613-454b-9965-e32be1394e69	319	324	s:434200
6fc15936-c613-454b-9965-e32be1394e69	325	330	s:436971
6fc15936-c613-454b-9965-e32be1394e69	331	340	s:475196
6fc15936-c613-454b-9965-e32be1394e69	341	343	s:425867
6fc15936-c613-454b-9965-e32be1394e69	344	347	s:126019
6fc15936-c613-454b-9965-e32be1394e69	348	355	s:442905
6fc15936-c613-454b-9965-e32be1394e69	356	361	s:366364
6fc15936-c613-454b-9965-e32be1394e69	362	369	s:237607
6fc15936-c613-454b-9965-e32be1394e69	371	376	s:473748
6fc15936-c613-454b-9965-e32be1394e69	377	386	s:211379
6fc15936-c613-454b-9965-e32be1394e69	387	396	s:350034
6fc15936-c613-454b-9965-e32be1394e69	400	406	s:416266
6fc15936-c613-454b-9965-e32be1394e69	407	409	s:105340
6fc15936-c613-454b-9965-e32be1394e69	410	415	s:495928
6fc15936-c613-454b-9965-e32be1394e69	416	422	s:89039
6fc15936-c613-454b-9965-e32be1394e69	423	426	s:288342
6fc15936-c613-454b-9965-e32be1394e69	427	441	s:305089
6fc15936-c613-454b-9965-e32be1394e69	442	450	s:98315
6fc15936-c613-454b-9965-e32be1394e69	451	453	s:425868
6fc15936-c613-454b-9965-e32be1394e69	454	457	s:105340
6fc15936-c613-454b-9965-e32be1394e69	458	461	s:26489
6fc15936-c613-454b-9965-e32be1394e69	462	469	s:151869
6fc15936-c613-454b-9965-e32be1394e69	470	472	s:465779
6fc15936-c613-454b-9965-e32be1394e69	473	481	s:191904
6fc15936-c613-454b-9965-e32be1394e69	482	488	s:457620
6fc15936-c613-454b-9965-e32be1394e69	489	495	s:490430
6fc15936-c613-454b-9965-e32be1394e69	496	500	s:230751
6fc15936-c613-454b-9965-e32be1394e69	501	506	s:312691
6fc15936-c613-454b-9965-e32be1394e69	507	515	s:457497
6fc15936-c613-454b-9965-e32be1394e69	517	525	s:457497
6fc15936-c613-454b-9965-e32be1394e69	526	528	s:272561
6fc15936-c613-454b-9965-e32be1394e69	533	536	s:408175
6fc15936-c613-454b-9965-e32be1394e69	537	541	s:62301
6fc15936-c613-454b-9965-e32be1394e69	542	549	s:465396
6fc15936-c613-454b-9965-e32be1394e69	550	554	s:396370
6fc15936-c613-454b-9965-e32be1394e69	557	559	s:105340
6fc15936-c613-454b-9965-e32be1394e69	560	568	s:288518
6fc15936-c613-454b-9965-e32be1394e69	569	573	s:362096
6fc15936-c613-454b-9965-e32be1394e69	574	581	s:228977
6fc15936-c613-454b-9965-e32be1394e69	582	587	s:468392
6fc15936-c613-454b-9965-e32be1394e69	588	601	s:304147
6fc15936-c613-454b-9965-e32be1394e69	603	605	s:425867
6fc15936-c613-454b-9965-e32be1394e69	606	613	s:162992
6fc15936-c613-454b-9965-e32be1394e69	615	618	s:433593
6fc15936-c613-454b-9965-e32be1394e69	619	622	s:408175
6fc15936-c613-454b-9965-e32be1394e69	623	629	s:448049
6fc15936-c613-454b-9965-e32be1394e69	630	636	s:137374
6fc15936-c613-454b-9965-e32be1394e69	637	643	s:41195
6fc15936-c613-454b-9965-e32be1394e69	646	650	s:448049
6fc15936-c613-454b-9965-e32be1394e69	651	654	s:105340
6fc15936-c613-454b-9965-e32be1394e69	655	664	s:29787
6fc15936-c613-454b-9965-e32be1394e69	667	672	s:166493
6fc15936-c613-454b-9965-e32be1394e69	673	676	s:207582
6fc15936-c613-454b-9965-e32be1394e69	677	683	s:65649
6fc15936-c613-454b-9965-e32be1394e69	684	692	s:137374
6fc15936-c613-454b-9965-e32be1394e69	693	699	s:41195
6fc15936-c613-454b-9965-e32be1394e69	702	706	s:230751
6fc15936-c613-454b-9965-e32be1394e69	707	715	s:457497
6fc15936-c613-454b-9965-e32be1394e69	716	722	s:62302
6fc15936-c613-454b-9965-e32be1394e69	723	731	s:35608
6fc15936-c613-454b-9965-e32be1394e69	732	738	s:65649
6fc15936-c613-454b-9965-e32be1394e69	740	743	s:489857
6fc15936-c613-454b-9965-e32be1394e69	744	748	s:62302
6fc15936-c613-454b-9965-e32be1394e69	749	757	s:35608
6fc15936-c613-454b-9965-e32be1394e69	758	761	s:54218
6fc15936-c613-454b-9965-e32be1394e69	761	767	s:76183
6fc15936-c613-454b-9965-e32be1394e69	769	772	s:174925
6fc15936-c613-454b-9965-e32be1394e69	773	780	s:350034
6fc15936-c613-454b-9965-e32be1394e69	781	787	s:457280
6fc15936-c613-454b-9965-e32be1394e69	789	792	s:405868
6fc15936-c613-454b-9965-e32be1394e69	793	801	s:432749
6fc15936-c613-454b-9965-e32be1394e69	802	805	s:54218
6fc15936-c613-454b-9965-e32be1394e69	806	812	s:76183
6fc15936-c613-454b-9965-e32be1394e69	813	819	s:439574
6fc15936-c613-454b-9965-e32be1394e69	820	833	s:399416
6fc15936-c613-454b-9965-e32be1394e69	835	838	s:207568
6fc15936-c613-454b-9965-e32be1394e69	839	845	s:217217
6fc15936-c613-454b-9965-e32be1394e69	846	853	s:68257
6fc15936-c613-454b-9965-e32be1394e69	854	860	s:436971
6fc15936-c613-454b-9965-e32be1394e69	861	868	s:356108
6fc15936-c613-454b-9965-e32be1394e69	870	876	s:448049
6fc15936-c613-454b-9965-e32be1394e69	877	883	s:27705
6fc15936-c613-454b-9965-e32be1394e69	884	886	s:62301
6fc15936-c613-454b-9965-e32be1394e69	887	896	s:434383
6fc15936-c613-454b-9965-e32be1394e69	897	910	s:294624
6fc15936-c613-454b-9965-e32be1394e69	912	916	s:230751
6fc15936-c613-454b-9965-e32be1394e69	917	925	s:457497
6fc15936-c613-454b-9965-e32be1394e69	926	928	s:272562
6fc15936-c613-454b-9965-e32be1394e69	931	941	s:157934
6fc15936-c613-454b-9965-e32be1394e69	942	946	s:396370
6fc15936-c613-454b-9965-e32be1394e69	949	959	s:304148
6fc15936-c613-454b-9965-e32be1394e69	960	963	s:105340
6fc15936-c613-454b-9965-e32be1394e69	964	968	s:89593
6fc15936-c613-454b-9965-e32be1394e69	969	975	s:281498
6fc15936-c613-454b-9965-e32be1394e69	976	981	s:490916
6fc15936-c613-454b-9965-e32be1394e69	982	989	s:457522
6fc15936-c613-454b-9965-e32be1394e69	990	1000	s:431925
6fc15936-c613-454b-9965-e32be1394e69	1001	1003	s:425867
6fc15936-c613-454b-9965-e32be1394e69	1004	1011	s:442903
6fc15936-c613-454b-9965-e32be1394e69	1012	1015	s:54218
6fc15936-c613-454b-9965-e32be1394e69	1016	1022	s:76183
6fc15936-c613-454b-9965-e32be1394e69	1024	1027	s:48547
6fc15936-c613-454b-9965-e32be1394e69	1028	1033	s:206586
6fc15936-c613-454b-9965-e32be1394e69	1034	1046	s:147675
6fc15936-c613-454b-9965-e32be1394e69	1047	1050	s:288342
6fc15936-c613-454b-9965-e32be1394e69	1051	1061	s:127651
6fc15936-c613-454b-9965-e32be1394e69	1063	1070	s:443186
6fc15936-c613-454b-9965-e32be1394e69	1072	1082	s:338888
6fc15936-c613-454b-9965-e32be1394e69	1083	1085	s:425867
6fc15936-c613-454b-9965-e32be1394e69	1086	1095	s:121590
6fc15936-c613-454b-9965-e32be1394e69	1097	1099	s:405640
6fc15936-c613-454b-9965-e32be1394e69	1100	1104	s:366364
6fc15936-c613-454b-9965-e32be1394e69	1105	1109	s:112615
6fc15936-c613-454b-9965-e32be1394e69	1110	1116	s:439318
6fc15936-c613-454b-9965-e32be1394e69	1117	1119	s:105340
6fc15936-c613-454b-9965-e32be1394e69	1120	1128	s:35593
6fc15936-c613-454b-9965-e32be1394e69	1132	1138	s:488020
6fc15936-c613-454b-9965-e32be1394e69	1139	1149	s:118856
6fc15936-c613-454b-9965-e32be1394e69	1150	1158	s:173343
6fc15936-c613-454b-9965-e32be1394e69	1160	1163	s:105340
6fc15936-c613-454b-9965-e32be1394e69	1164	1170	s:466399
6fc15936-c613-454b-9965-e32be1394e69	1171	1177	s:91360
6fc15936-c613-454b-9965-e32be1394e69	1178	1182	s:230751
6fc15936-c613-454b-9965-e32be1394e69	1183	1188	s:312691
6fc15936-c613-454b-9965-e32be1394e69	1189	1191	s:425867
6fc15936-c613-454b-9965-e32be1394e69	1192	1196	s:279341
6fc15936-c613-454b-9965-e32be1394e69	1197	1205	s:457497
6fc15936-c613-454b-9965-e32be1394e69	1206	1215	s:258951
6fc15936-c613-454b-9965-e32be1394e69	1217	1227	s:304147
6fc15936-c613-454b-9965-e32be1394e69	1228	1232	s:482068
6fc15936-c613-454b-9965-e32be1394e69	1233	1238	s:255798
6fc15936-c613-454b-9965-e32be1394e69	1239	1243	s:255859
6fc15936-c613-454b-9965-e32be1394e69	1244	1252	s:356108
6fc15936-c613-454b-9965-e32be1394e69	1254	1257	s:48548
6fc15936-c613-454b-9965-e32be1394e69	1258	1263	s:498436
6fc15936-c613-454b-9965-e32be1394e69	1264	1271	s:263144
6fc15936-c613-454b-9965-e32be1394e69	1273	1279	s:250888
6fc15936-c613-454b-9965-e32be1394e69	1280	1286	s:448049
6fc15936-c613-454b-9965-e32be1394e69	1287	1294	s:174894
6fc15936-c613-454b-9965-e32be1394e69	1295	1308	s:294625
6fc15936-c613-454b-9965-e32be1394e69	1311	1313	s:489084
6fc15936-c613-454b-9965-e32be1394e69	1314	1316	s:272608
6fc15936-c613-454b-9965-e32be1394e69	1317	1320	s:105340
6fc15936-c613-454b-9965-e32be1394e69	1321	1325	s:62302
6fc15936-c613-454b-9965-e32be1394e69	1326	1336	s:157318
6fc15936-c613-454b-9965-e32be1394e69	1337	1341	s:69802
6fc15936-c613-454b-9965-e32be1394e69	1342	1351	s:325931
6fc15936-c613-454b-9965-e32be1394e69	1353	1355	s:425868
6fc15936-c613-454b-9965-e32be1394e69	1356	1358	s:105340
6fc15936-c613-454b-9965-e32be1394e69	1359	1368	s:139886
6fc15936-c613-454b-9965-e32be1394e69	1369	1374	s:433237
6fc15936-c613-454b-9965-e32be1394e69	1375	1385	s:215959
6fc15936-c613-454b-9965-e32be1394e69	1387	1391	s:62302
6fc15936-c613-454b-9965-e32be1394e69	1392	1399	s:215989
6fc15936-c613-454b-9965-e32be1394e69	1400	1407	s:114934
6fc15936-c613-454b-9965-e32be1394e69	1408	1411	s:490868
6fc15936-c613-454b-9965-e32be1394e69	1412	1414	s:480048
6fc15936-c613-454b-9965-e32be1394e69	1415	1419	s:449760
6fc15936-c613-454b-9965-e32be1394e69	1429	1439	s:127651
6fc15936-c613-454b-9965-e32be1394e69	1440	1448	s:296896
6fc15936-c613-454b-9965-e32be1394e69	1449	1452	s:105340
6fc15936-c613-454b-9965-e32be1394e69	1453	1455	s:62302
6fc15936-c613-454b-9965-e32be1394e69	1456	1460	s:226235
6fc15936-c613-454b-9965-e32be1394e69	1461	1471	s:261884
6fc15936-c613-454b-9965-e32be1394e69	1473	1495	s:1850
6fc15936-c613-454b-9965-e32be1394e69	1496	1498	s:105340
6fc15936-c613-454b-9965-e32be1394e69	1499	1504	s:323188
6fc15936-c613-454b-9965-e32be1394e69	1505	1512	s:35342
6fc15936-c613-454b-9965-e32be1394e69	1513	1517	s:205272
6fc15936-c613-454b-9965-e32be1394e69	1521	1529	s:26661
6fc15936-c613-454b-9965-e32be1394e69	1531	1534	s:408175
6fc15936-c613-454b-9965-e32be1394e69	1535	1537	s:62301
6fc15936-c613-454b-9965-e32be1394e69	1538	1545	s:366673
6fc15936-c613-454b-9965-e32be1394e69	1546	1552	s:82656
6fc15936-c613-454b-9965-e32be1394e69	1554	1556	s:160952
6fc15936-c613-454b-9965-e32be1394e69	1557	1562	s:252168
6fc15936-c613-454b-9965-e32be1394e69	1563	1566	s:62302
6fc15936-c613-454b-9965-e32be1394e69	1567	1578	s:265460
6fc15936-c613-454b-9965-e32be1394e69	1581	1583	s:425870
6fc15936-c613-454b-9965-e32be1394e69	1587	1590	s:105340
6fc15936-c613-454b-9965-e32be1394e69	1596	1601	s:50256
6fc15936-c613-454b-9965-e32be1394e69	1602	1607	s:62302
6fc15936-c613-454b-9965-e32be1394e69	1608	1618	s:358303
6fc15936-c613-454b-9965-e32be1394e69	1622	1630	s:79575
6fc15936-c613-454b-9965-e32be1394e69	1631	1641	s:266607
6fc15936-c613-454b-9965-e32be1394e69	1642	1651	s:68257
6fc15936-c613-454b-9965-e32be1394e69	1653	1657	s:62302
6fc15936-c613-454b-9965-e32be1394e69	1658	1662	s:145362
6fc15936-c613-454b-9965-e32be1394e69	1663	1671	s:97475
6fc15936-c613-454b-9965-e32be1394e69	1672	1676	s:188929
6fc15936-c613-454b-9965-e32be1394e69	1680	1693	s:304126
6fc15936-c613-454b-9965-e32be1394e69	1695	1699	s:62302
6fc15936-c613-454b-9965-e32be1394e69	1709	1714	s:448049
6fc15936-c613-454b-9965-e32be1394e69	1715	1722	s:298488
6fc15936-c613-454b-9965-e32be1394e69	1729	1731	s:425870
6fc15936-c613-454b-9965-e32be1394e69	1732	1737	s:415857
6fc15936-c613-454b-9965-e32be1394e69	1738	1742	s:230751
6fc15936-c613-454b-9965-e32be1394e69	1743	1752	s:383891
6fc15936-c613-454b-9965-e32be1394e69	1753	1756	s:62302
6fc15936-c613-454b-9965-e32be1394e69	1795	1802	s:68257
6fc15936-c613-454b-9965-e32be1394e69	1808	1811	s:105340
6fc15936-c613-454b-9965-e32be1394e69	1826	1837	s:356121
6fc15936-c613-454b-9965-e32be1394e69	1839	1841	s:105340
6fc15936-c613-454b-9965-e32be1394e69	1842	1856	s:100693
6fc15936-c613-454b-9965-e32be1394e69	1860	1864	s:448049
6fc15936-c613-454b-9965-e32be1394e69	1866	1871	s:334044
6fc15936-c613-454b-9965-e32be1394e69	1872	1876	s:362096
6fc15936-c613-454b-9965-e32be1394e69	1877	1882	s:312691
6fc15936-c613-454b-9965-e32be1394e69	1883	1891	s:457497
6fc15936-c613-454b-9965-e32be1394e69	1900	1906	s:27705
6fc15936-c613-454b-9965-e32be1394e69	1907	1911	s:62302
6fc15936-c613-454b-9965-e32be1394e69	1924	1927	s:105340
6fc15936-c613-454b-9965-e32be1394e69	1928	1936	s:123286
6fc15936-c613-454b-9965-e32be1394e69	1948	1951	s:398468
6fc15936-c613-454b-9965-e32be1394e69	1952	1959	s:68257
6fc15936-c613-454b-9965-e32be1394e69	1960	1966	s:412931
6fc15936-c613-454b-9965-e32be1394e69	1967	1969	s:62301
6fc15936-c613-454b-9965-e32be1394e69	1970	1979	s:356121
6fc15936-c613-454b-9965-e32be1394e69	1981	1984	s:48549
6fc15936-c613-454b-9965-e32be1394e69	1985	1989	s:448049
6fc15936-c613-454b-9965-e32be1394e69	1990	1993	s:105340
6fc15936-c613-454b-9965-e32be1394e69	1994	2001	s:445164
6fc15936-c613-454b-9965-e32be1394e69	2002	2011	s:29787
6fc15936-c613-454b-9965-e32be1394e69	2014	2016	s:405640
6fc15936-c613-454b-9965-e32be1394e69	2017	2019	s:62301
6fc15936-c613-454b-9965-e32be1394e69	2020	2026	s:65649
6fc15936-c613-454b-9965-e32be1394e69	2033	2035	s:105340
6fc15936-c613-454b-9965-e32be1394e69	2048	2052	s:448049
6fc15936-c613-454b-9965-e32be1394e69	2053	2057	s:254502
6fc15936-c613-454b-9965-e32be1394e69	2058	2061	s:288342
6fc15936-c613-454b-9965-e32be1394e69	2062	2065	s:54218
6fc15936-c613-454b-9965-e32be1394e69	2066	2072	s:76183
6fc15936-c613-454b-9965-e32be1394e69	2074	2078	s:254502
6fc15936-c613-454b-9965-e32be1394e69	2079	2082	s:288342
6fc15936-c613-454b-9965-e32be1394e69	2083	2093	s:250862
6fc15936-c613-454b-9965-e32be1394e69	2095	2099	s:254502
6fc15936-c613-454b-9965-e32be1394e69	2100	2103	s:288342
6fc15936-c613-454b-9965-e32be1394e69	2104	2113	s:459782
6fc15936-c613-454b-9965-e32be1394e69	2115	2117	s:105340
6fc15936-c613-454b-9965-e32be1394e69	2118	2128	s:306285
6fc15936-c613-454b-9965-e32be1394e69	2129	2133	s:448049
6fc15936-c613-454b-9965-e32be1394e69	2134	2143	s:157031
6fc15936-c613-454b-9965-e32be1394e69	2145	2147	s:105340
6fc15936-c613-454b-9965-e32be1394e69	2148	2154	s:346618
6fc15936-c613-454b-9965-e32be1394e69	2158	2162	s:448049
6fc15936-c613-454b-9965-e32be1394e69	2163	2166	s:288342
6fc15936-c613-454b-9965-e32be1394e69	2167	2173	s:57625
6fc15936-c613-454b-9965-e32be1394e69	2175	2178	s:288342
6fc15936-c613-454b-9965-e32be1394e69	2179	2184	s:120397
6fc15936-c613-454b-9965-e32be1394e69	2186	2189	s:288342
6fc15936-c613-454b-9965-e32be1394e69	2190	2198	s:321055
6fc15936-c613-454b-9965-e32be1394e69	2200	2203	s:288342
6fc15936-c613-454b-9965-e32be1394e69	2204	2212	s:192655
6fc15936-c613-454b-9965-e32be1394e69	2214	2216	s:425870
6fc15936-c613-454b-9965-e32be1394e69	2217	2219	s:398468
6fc15936-c613-454b-9965-e32be1394e69	2220	2227	s:302547
6fc15936-c613-454b-9965-e32be1394e69	2228	2232	s:62301
6fc15936-c613-454b-9965-e32be1394e69	2233	2237	s:226235
6fc15936-c613-454b-9965-e32be1394e69	2238	2249	s:21858
6fc15936-c613-454b-9965-e32be1394e69	2254	2266	s:140535
6fc15936-c613-454b-9965-e32be1394e69	2270	2273	s:413145
6fc15936-c613-454b-9965-e32be1394e69	2274	2281	s:323247
6fc15936-c613-454b-9965-e32be1394e69	2282	2289	s:68257
e3af2229-588d-48e4-a3f1-313f2fd7f4a1	0	0	latviskā leksēma ārzemju uzvārdos
e3af2229-588d-48e4-a3f1-313f2fd7f4a1	5	11	s:234417
e3af2229-588d-48e4-a3f1-313f2fd7f4a1	12	19	s:325490
e3af2229-588d-48e4-a3f1-313f2fd7f4a1	23	29	s:234417
e3af2229-588d-48e4-a3f1-313f2fd7f4a1	30	37	s:325490
e3af2229-588d-48e4-a3f1-313f2fd7f4a1	39	46	personvārds
e3af2229-588d-48e4-a3f1-313f2fd7f4a1	47	49	latviskā leksēma ārzemju uzvārdos
e3af2229-588d-48e4-a3f1-313f2fd7f4a1	50	63	personvārds, uzvārds
e3af2229-588d-48e4-a3f1-313f2fd7f4a1	65	71	Personvārds
e3af2229-588d-48e4-a3f1-313f2fd7f4a1	72	78	personvārds, uzvārds
e3af2229-588d-48e4-a3f1-313f2fd7f4a1	80	83	s:105340
e3af2229-588d-48e4-a3f1-313f2fd7f4a1	84	90	s:223619
e3af2229-588d-48e4-a3f1-313f2fd7f4a1	91	100	s:304838
e3af2229-588d-48e4-a3f1-313f2fd7f4a1	101	108	s:498436
e3af2229-588d-48e4-a3f1-313f2fd7f4a1	110	112	s:165968
e3af2229-588d-48e4-a3f1-313f2fd7f4a1	113	115	s:398468
e3af2229-588d-48e4-a3f1-313f2fd7f4a1	116	123	s:469814
e3af2229-588d-48e4-a3f1-313f2fd7f4a1	124	128	s:62302
e3af2229-588d-48e4-a3f1-313f2fd7f4a1	129	137	s:491378
e3af2229-588d-48e4-a3f1-313f2fd7f4a1	138	150	s:304147
e3af2229-588d-48e4-a3f1-313f2fd7f4a1	152	155	s:105340
e3af2229-588d-48e4-a3f1-313f2fd7f4a1	156	159	s:114858
e3af2229-588d-48e4-a3f1-313f2fd7f4a1	160	162	s:467903
e3af2229-588d-48e4-a3f1-313f2fd7f4a1	163	171	s:266609
e3af2229-588d-48e4-a3f1-313f2fd7f4a1	172	186	s:464279
e3af2229-588d-48e4-a3f1-313f2fd7f4a1	188	193	s:326809
e3af2229-588d-48e4-a3f1-313f2fd7f4a1	195	198	s:398468
e3af2229-588d-48e4-a3f1-313f2fd7f4a1	199	210	s:304147
e3af2229-588d-48e4-a3f1-313f2fd7f4a1	211	213	s:62301
e3af2229-588d-48e4-a3f1-313f2fd7f4a1	214	218	s:476619
e3af2229-588d-48e4-a3f1-313f2fd7f4a1	219	230	s:206824
e3af2229-588d-48e4-a3f1-313f2fd7f4a1	231	237	s:90244
e3af2229-588d-48e4-a3f1-313f2fd7f4a1	239	241	s:425870
e3af2229-588d-48e4-a3f1-313f2fd7f4a1	242	245	s:510683
e3af2229-588d-48e4-a3f1-313f2fd7f4a1	246	256	s:304270
e3af2229-588d-48e4-a3f1-313f2fd7f4a1	258	260	s:165969
e3af2229-588d-48e4-a3f1-313f2fd7f4a1	261	265	s:448049
e3af2229-588d-48e4-a3f1-313f2fd7f4a1	266	272	s:356108
e3af2229-588d-48e4-a3f1-313f2fd7f4a1	273	277	s:449763
e3af2229-588d-48e4-a3f1-313f2fd7f4a1	279	282	s:296508
e3af2229-588d-48e4-a3f1-313f2fd7f4a1	283	288	s:498436
e3af2229-588d-48e4-a3f1-313f2fd7f4a1	289	297	s:121577
e3af2229-588d-48e4-a3f1-313f2fd7f4a1	299	301	s:425870
e3af2229-588d-48e4-a3f1-313f2fd7f4a1	303	310	s:46612
e3af2229-588d-48e4-a3f1-313f2fd7f4a1	312	316	s:448049
e3af2229-588d-48e4-a3f1-313f2fd7f4a1	317	322	s:97475
e3af2229-588d-48e4-a3f1-313f2fd7f4a1	323	331	s:111216
e3af2229-588d-48e4-a3f1-313f2fd7f4a1	333	336	s:200177
e3af2229-588d-48e4-a3f1-313f2fd7f4a1	337	344	s:296338
e3af2229-588d-48e4-a3f1-313f2fd7f4a1	345	350	s:435018
e3af2229-588d-48e4-a3f1-313f2fd7f4a1	351	355	s:40757
e3af2229-588d-48e4-a3f1-313f2fd7f4a1	356	358	s:425867
e3af2229-588d-48e4-a3f1-313f2fd7f4a1	359	367	s:467083
e3af2229-588d-48e4-a3f1-313f2fd7f4a1	369	374	s:405903
e3af2229-588d-48e4-a3f1-313f2fd7f4a1	375	380	s:448049
e3af2229-588d-48e4-a3f1-313f2fd7f4a1	381	385	s:226235
e3af2229-588d-48e4-a3f1-313f2fd7f4a1	386	398	s:257324
e3af2229-588d-48e4-a3f1-313f2fd7f4a1	399	410	s:241536
e3af2229-588d-48e4-a3f1-313f2fd7f4a1	412	414	s:160952
e3af2229-588d-48e4-a3f1-313f2fd7f4a1	415	419	s:449761
e3af2229-588d-48e4-a3f1-313f2fd7f4a1	420	423	s:398468
e3af2229-588d-48e4-a3f1-313f2fd7f4a1	424	438	s:5333
e3af2229-588d-48e4-a3f1-313f2fd7f4a1	439	444	s:415857
e3af2229-588d-48e4-a3f1-313f2fd7f4a1	445	448	s:62301
e3af2229-588d-48e4-a3f1-313f2fd7f4a1	449	459	s:483246
e3af2229-588d-48e4-a3f1-313f2fd7f4a1	461	464	s:405871
e3af2229-588d-48e4-a3f1-313f2fd7f4a1	465	467	s:105340
e3af2229-588d-48e4-a3f1-313f2fd7f4a1	468	475	s:491378
e3af2229-588d-48e4-a3f1-313f2fd7f4a1	476	478	s:398468
e3af2229-588d-48e4-a3f1-313f2fd7f4a1	479	486	s:469814
e3af2229-588d-48e4-a3f1-313f2fd7f4a1	487	495	s:328537
e3af2229-588d-48e4-a3f1-313f2fd7f4a1	497	501	s:166647
e3af2229-588d-48e4-a3f1-313f2fd7f4a1	502	506	s:338470
e3af2229-588d-48e4-a3f1-313f2fd7f4a1	507	511	s:62301
e3af2229-588d-48e4-a3f1-313f2fd7f4a1	512	516	s:476619
e3af2229-588d-48e4-a3f1-313f2fd7f4a1	517	528	s:304127
e3af2229-588d-48e4-a3f1-313f2fd7f4a1	529	535	s:90244
e3af2229-588d-48e4-a3f1-313f2fd7f4a1	537	541	s:449761
e3af2229-588d-48e4-a3f1-313f2fd7f4a1	542	552	s:304147
e3af2229-588d-48e4-a3f1-313f2fd7f4a1	553	557	s:338470
e3af2229-588d-48e4-a3f1-313f2fd7f4a1	558	560	s:62301
e3af2229-588d-48e4-a3f1-313f2fd7f4a1	561	567	s:62302
e3af2229-588d-48e4-a3f1-313f2fd7f4a1	568	573	s:498436
e3af2229-588d-48e4-a3f1-313f2fd7f4a1	575	580	s:413161
e3af2229-588d-48e4-a3f1-313f2fd7f4a1	581	585	s:476417
e3af2229-588d-48e4-a3f1-313f2fd7f4a1	586	594	s:254421
e3af2229-588d-48e4-a3f1-313f2fd7f4a1	595	597	s:260570
e3af2229-588d-48e4-a3f1-313f2fd7f4a1	598	604	s:448049
e3af2229-588d-48e4-a3f1-313f2fd7f4a1	605	607	s:408175
e3af2229-588d-48e4-a3f1-313f2fd7f4a1	608	615	s:30027
e3af2229-588d-48e4-a3f1-313f2fd7f4a1	618	620	s:425870
e3af2229-588d-48e4-a3f1-313f2fd7f4a1	621	623	s:405642
e3af2229-588d-48e4-a3f1-313f2fd7f4a1	624	626	s:105340
e3af2229-588d-48e4-a3f1-313f2fd7f4a1	627	633	s:206724
e3af2229-588d-48e4-a3f1-313f2fd7f4a1	634	638	s:486791
e3af2229-588d-48e4-a3f1-313f2fd7f4a1	639	648	s:441213
e3af2229-588d-48e4-a3f1-313f2fd7f4a1	651	657	Personvārds
e3af2229-588d-48e4-a3f1-313f2fd7f4a1	658	664	personvārds, uzvārds
e3af2229-588d-48e4-a3f1-313f2fd7f4a1	667	670	s:166429
e3af2229-588d-48e4-a3f1-313f2fd7f4a1	671	675	s:448049
e3af2229-588d-48e4-a3f1-313f2fd7f4a1	676	680	s:62301
e3af2229-588d-48e4-a3f1-313f2fd7f4a1	681	685	s:234417
e3af2229-588d-48e4-a3f1-313f2fd7f4a1	686	690	s:455877